Workbook

Sheet Sheet1
A3: Row Labels | B3: Average of avg_monthly_revenue
A4: Fatigued | B4: 457.5625
A5: Healthy | B5: 441.74189
A6: Grand Total | B6: 442.0583

Sheet User-Level Revenue & Fatigue Ta
A1: fatigued | B1: Yes | D1: user_id | E1: user_fatigue_status | F1: total_revenue | G1: avg_monthly_revenue
D2: U001 | E2: =IF(COUNTIFS(subscriptions!$A:$A, D2, subscriptions!$M:$M, "Yes")>0, "Fatigued", "Healthy") -> Healthy | F2: 1497 | G2: 499
A3: Row Labels | B3: Count of fatigued | D3: U002 | E3: =IF(COUNTIFS(subscriptions!$A:$A, D3, subscriptions!$M:$M, "Yes")>0, "Fatigued", "Healthy") -> Fatigued | F3: 1996 | G3: 499
A4: U002 | B4: 1 | D4: U003 | E4: =IF(COUNTIFS(subscriptions!$A:$A, D4, subscriptions!$M:$M, "Yes")>0, "Fatigued", "Healthy") -> Healthy | F4: 2495 | G4: 499
A5: U014 | B5: 1 | D5: U004 | E5: =IF(COUNTIFS(subscriptions!$A:$A, D5, subscriptions!$M:$M, "Yes")>0, "Fatigued", "Healthy") -> Healthy | F5: 998 | G5: 499
A6: U019 | B6: 1 | D6: U005 | E6: =IF(COUNTIFS(subscriptions!$A:$A, D6, subscriptions!$M:$M, "Yes")>0, "Fatigued", "Healthy") -> Healthy | F6: 1297 | G6: 432.33
A7: U042 | B7: 1 | D7: U006 | E7: =IF(COUNTIFS(subscriptions!$A:$A, D7, subscriptions!$M:$M, "Yes")>0, "Fatigued", "Healthy") -> Healthy | F7: 1996 | G7: 499
A8: Grand Total | B8: 4 | D8: U007 | E8: =IF(COUNTIFS(subscriptions!$A:$A, D8, subscriptions!$M:$M, "Yes")>0, "Fatigued", "Healthy") -> Healthy | F8: 2495 | G8: 499
D9: U008 | E9: =IF(COUNTIFS(subscriptions!$A:$A, D9, subscriptions!$M:$M, "Yes")>0, "Fatigued", "Healthy") -> Healthy | F9: 998 | G9: 499
D10: U009 | E10: =IF(COUNTIFS(subscriptions!$A:$A, D10, subscriptions!$M:$M, "Yes")>0, "Fatigued", "Healthy") -> Healthy | F10: 1497 | G10: 499
D11: U010 | E11: =IF(COUNTIFS(subscriptions!$A:$A, D11, subscriptions!$M:$M, "Yes")>0, "Fatigued", "Healthy") -> Healthy | F11: 1796 | G11: 449
D12: U011 | E12: =IF(COUNTIFS(subscriptions!$A:$A, D12, subscriptions!$M:$M, "Yes")>0, "Fatigued", "Healthy") -> Healthy | F12: 2495 | G12: 499
D13: U012 | E13: =IF(COUNTIFS(subscriptions!$A:$A, D13, subscriptions!$M:$M, "Yes")>0, "Fatigued", "Healthy") -> Healthy | F13: 998 | G13: 499
D14: U013 | E14: =IF(COUNTIFS(subscriptions!$A:$A, D14, subscriptions!$M:$M, "Yes")>0, "Fatigued", "Healthy") -> Healthy | F14: 1497 | G14: 499
D15: U014 | E15: =IF(COUNTIFS(subscriptions!$A:$A, D15, subscriptions!$M:$M, "Yes")>0, "Fatigued", "Healthy") -> Fatigued | F15: 1996 | G15: 499
D16: U015 | E16: =IF(COUNTIFS(subscriptions!$A:$A, D16, subscriptions!$M:$M, "Yes")>0, "Fatigued", "Healthy") -> Healthy | F16: 2295 | G16: 459
D17: U016 | E17: =IF(COUNTIFS(subscriptions!$A:$A, D17, subscriptions!$M:$M, "Yes")>0, "Fatigued", "Healthy") -> Healthy | F17: 998 | G17: 499
D18: U017 | E18: =IF(COUNTIFS(subscriptions!$A:$A, D18, subscriptions!$M:$M, "Yes")>0, "Fatigued", "Healthy") -> Healthy | F18: 1497 | G18: 499
D19: U018 | E19: =IF(COUNTIFS(subscriptions!$A:$A, D19, subscriptions!$M:$M, "Yes")>0, "Fatigued", "Healthy") -> Healthy | F19: 1996 | G19: 499
D20: U019 | E20: =IF(COUNTIFS(subscriptions!$A:$A, D20, subscriptions!$M:$M, "Yes")>0, "Fatigued", "Healthy") -> Fatigued | F20: 2495 | G20: 499
... D201: U200 | E201: =IF(COUNTIFS(subscriptions!$A:$A, D201, subscriptions!$M:$M, "Yes")>0, "Fatigued", "Healthy") -> Healthy | F201: 3999 | G201: 333.25

Sheet subscriptions
A1: user_id | B1: plan_type | C1: start_date | D1: renewal_date | E1: cancel_date | F1: price | G1: cohort | H1: push_count | I1: actual_pushcount | J1: email_count | K1: actual_emailcount | L1: engagement_level | M1: fatigued
A2: U001 | B2: Monthly | C2: 45296 | D2: 45327 | F2: 499 | G2: 45292 | H2: 1 | I2: =IF(H2<=1,"Low",IF(H2<=4,"Medium","High")) -> Low | J2: 3 | K2: =IF(J2<=1,"Low",IF(J2=2,"Medium","High")) -> High | L2: =IF(OR(I2="High",K2="High"),"High", IF(OR(I2="Medium",K2="Medium"),"Medium", "Low")) -> High | M2: =IF(AND(TRIM(I2)="High",TRIM(L2)="Low"),"Yes","No") -> No
A3: U002 | B3: Monthly | C3: 45297 | D3: 45328 | E3: 45319 | F3: 499 | G3: 45292 | H3: 7 | I3: =IF(H3<=1,"Low",IF(H3<=4,"Medium","High")) -> High | J3: 5 | K3: =IF(J3<=1,"Low",IF(J3=2,"Medium","High")) -> High | L3: low | M3: =IF(AND(TRIM(I3)="High",TRIM(L3)="Low"),"Yes","No") -> Yes
A4: U003 | B4: Annual | C4: 45298 | D4: 45664 | F4: 3999 | G4: 45292 | H4: 38 | I4: =IF(H4<=1,"Low",IF(H4<=4,"Medium","High")) -> High | J4: 15 | K4: =IF(J4<=1,"Low",IF(J4=2,"Medium","High")) -> High | L4: =IF(OR(I4="High",K4="High"),"High", IF(OR(I4="Medium",K4="Medium"),"Medium", "Low")) -> High | M4: =IF(AND(TRIM(I4)="High",TRIM(L4)="Low"),"Yes","No") -> No
A5: U004 | B5: Monthly | C5: 45299 | D5: 45330 | F5: 499 | G5: 45292 | H5: 0 | I5: =IF(H5<=1,"Low",IF(H5<=4,"Medium","High")) -> Low | J5: 0 | K5: =IF(J5<=1,"Low",IF(J5=2,"Medium","High")) -> Low | L5: =IF(OR(I5="High",K5="High"),"High", IF(OR(I5="Medium",K5="Medium"),"Medium", "Low")) -> Low | M5: =IF(AND(TRIM(I5)="High",TRIM(L5)="Low"),"Yes","No") -> No
A6: U005 | B6: Monthly | C6: 45300 | D6: 45331 | E6: 45321 | F6: 499 | G6: 45292 | H6: 43 | I6: =IF(H6<=1,"Low",IF(H6<=4,"Medium","High")) -> High | J6: 15 | K6: =IF(J6<=1,"Low",IF(J6=2,"Medium","High")) -> High | L6: =IF(OR(I6="High",K6="High"),"High", IF(OR(I6="Medium",K6="Medium"),"Medium", "Low")) -> High | M6: =IF(AND(TRIM(I6)="High",TRIM(L6)="Low"),"Yes","No") -> No
A7: U006 | B7: Annual | C7: 45301 | D7: 45667 | F7: 3999 | G7: 45292 | H7: 6 | I7: =IF(H7<=1,"Low",IF(H7<=4,"Medium","High")) -> High | J7: 7 | K7: =IF(J7<=1,"Low",IF(J7=2,"Medium","High")) -> High | L7: =IF(OR(I7="High",K7="High"),"High", IF(OR(I7="Medium",K7="Medium"),"Medium", "Low")) -> High | M7: =IF(AND(TRIM(I7)="High",TRIM(L7)="Low"),"Yes","No") -> No
A8: U007 | B8: Monthly | C8: 45302 | D8: 45333 | F8: 499 | G8: 45292 | H8: 5 | I8: =IF(H8<=1,"Low",IF(H8<=4,"Medium","High")) -> High | J8: 6 | K8: =IF(J8<=1,"Low",IF(J8=2,"Medium","High")) -> High | L8: =IF(OR(I8="High",K8="High"),"High", IF(OR(I8="Medium",K8="Medium"),"Medium", "Low")) -> High | M8: =IF(AND(TRIM(I8)="High",TRIM(L8)="Low"),"Yes","No") -> No
A9: U008 | B9: Monthly | C9: 45303 | D9: 45334 | E9: 45323 | F9: 499 | G9: 45292 | H9: 34 | I9: =IF(H9<=1,"Low",IF(H9<=4,"Medium","High")) -> High | J9: 16 | K9: =IF(J9<=1,"Low",IF(J9=2,"Medium","High")) -> High | L9: =IF(OR(I9="High",K9="High"),"High", IF(OR(I9="Medium",K9="Medium"),"Medium", "Low")) -> High | M9: =IF(AND(TRIM(I9)="High",TRIM(L9)="Low"),"Yes","No") -> No
A10: U009 | B10: Annual | C10: 45304 | D10: 45670 | F10: 3999 | G10: 45292 | H10: 29 | I10: =IF(H10<=1,"Low",IF(H10<=4,"Medium","High")) -> High | J10: 13 | K10: =IF(J10<=1,"Low",IF(J10=2,"Medium","High")) -> High | L10: =IF(OR(I10="High",K10="High"),"High", IF(OR(I10="Medium",K10="Medium"),"Medium", "Low")) -> High | M10: =IF(AND(TRIM(I10)="High",TRIM(L10)="Low"),"Yes","No") -> No
A11: U010 | B11: Monthly | C11: 45305 | D11: 45336 | F11: 499 | G11: 45292 | H11: 40 | I11: =IF(H11<=1,"Low",IF(H11<=4,"Medium","High")) -> High | J11: 13 | K11: =IF(J11<=1,"Low",IF(J11=2,"Medium","High")) -> High | L11: =IF(OR(I11="High",K11="High"),"High", IF(OR(I11="Medium",K11="Medium"),"Medium", "Low")) -> High | M11: =IF(AND(TRIM(I11)="High",TRIM(L11)="Low"),"Yes","No") -> No
A12: U011 | B12: Monthly | C12: 45306 | D12: 45337 | E12: 45327 | F12: 499 | G12: 45292 | H12: 4 | I12: =IF(H12<=1,"Low",IF(H12<=4,"Medium","High")) -> Medium | J12: 4 | K12: =IF(J12<=1,"Low",IF(J12=2,"Medium","High")) -> High | L12: =IF(OR(I12="High",K12="High"),"High", IF(OR(I12="Medium",K12="Medium"),"Medium", "Low")) -> High | M12: =IF(AND(TRIM(I12)="High",TRIM(L12)="Low"),"Yes","No") -> No
A13: U012 | B13: Annual | C13: 45307 | D13: 45673 | F13: 3999 | G13: 45292 | H13: 1 | I13: =IF(H13<=1,"Low",IF(H13<=4,"Medium","High")) -> Low | J13: 2 | K13: =IF(J13<=1,"Low",IF(J13=2,"Medium","High")) -> Medium | L13: =IF(OR(I13="High",K13="High"),"High", IF(OR(I13="Medium",K13="Medium"),"Medium", "Low")) -> Medium | M13: =IF(AND(TRIM(I13)="High",TRIM(L13)="Low"),"Yes","No") -> No
A14: U013 | B14: Monthly | C14: 45308 | D14: 45339 | F14: 499 | G14: 45292 | H14: 39 | I14: =IF(H14<=1,"Low",IF(H14<=4,"Medium","High")) -> High | J14: 12 | K14: =IF(J14<=1,"Low",IF(J14=2,"Medium","High")) -> High | L14: =IF(OR(I14="High",K14="High"),"High", IF(OR(I14="Medium",K14="Medium"),"Medium", "Low")) -> High | M14: =IF(AND(TRIM(I14)="High",TRIM(L14)="Low"),"Yes","No") -> No
A15: U014 | B15: Monthly | C15: 45309 | D15: 45340 | E15: 45332 | F15: 499 | G15: 45292 | H15: 33 | I15: =IF(H15<=1,"Low",IF(H15<=4,"Medium","High")) -> High | J15: 13 | K15: =IF(J15<=1,"Low",IF(J15=2,"Medium","High")) -> High | L15: low | M15: =IF(AND(TRIM(I15)="High",TRIM(L15)="Low"),"Yes","No") -> Yes
A16: U015 | B16: Annual | C16: 45310 | D16: 45676 | F16: 3999 | G16: 45292 | H16: 43 | I16: =IF(H16<=1,"Low",IF(H16<=4,"Medium","High")) -> High | J16: 18 | K16: =IF(J16<=1,"Low",IF(J16=2,"Medium","High")) -> High | L16: =IF(OR(I16="High",K16="High"),"High", IF(OR(I16="Medium",K16="Medium"),"Medium", "Low")) -> High | M16: =IF(AND(TRIM(I16)="High",TRIM(L16)="Low"),"Yes","No") -> No
A17: U016 | B17: Monthly | C17: 45311 | D17: 45342 | F17: 499 | G17: 45292 | H17: 2 | I17: =IF(H17<=1,"Low",IF(H17<=4,"Medium","High")) -> Medium | J17: 10 | K17: =IF(J17<=1,"Low",IF(J17=2,"Medium","High")) -> High | L17: =IF(OR(I17="High",K17="High"),"High", IF(OR(I17="Medium",K17="Medium"),"Medium", "Low")) -> High | M17: =IF(AND(TRIM(I17)="High",TRIM(L17)="Low"),"Yes","No") -> No
A18: U017 | B18: Monthly | C18: 45312 | D18: 45343 | E18: 45334 | F18: 499 | G18: 45292 | H18: 6 | I18: =IF(H18<=1,"Low",IF(H18<=4,"Medium","High")) -> High | J18: 9 | K18: =IF(J18<=1,"Low",IF(J18=2,"Medium","High")) -> High | L18: =IF(OR(I18="High",K18="High"),"High", IF(OR(I18="Medium",K18="Medium"),"Medium", "Low")) -> High | M18: =IF(AND(TRIM(I18)="High",TRIM(L18)="Low"),"Yes","No") -> No
A19: U018 | B19: Annual | C19: 45313 | D19: 45679 | F19: 3999 | G19: 45292 | H19: 42 | I19: =IF(H19<=1,"Low",IF(H19<=4,"Medium","High")) -> High | J19: 11 | K19: =IF(J19<=1,"Low",IF(J19=2,"Medium","High")) -> High | L19: =IF(OR(I19="High",K19="High"),"High", IF(OR(I19="Medium",K19="Medium"),"Medium", "Low")) -> High | M19: =IF(AND(TRIM(I19)="High",TRIM(L19)="Low"),"Yes","No") -> No
A20: U019 | B20: Monthly | C20: 45314 | D20: 45345 | F20: 499 | G20: 45292 | H20: 27 | I20: =IF(H20<=1,"Low",IF(H20<=4,"Medium","High")) -> High | J20: 8 | K20: =IF(J20<=1,"Low",IF(J20=2,"Medium","High")) -> High | L20: low | M20: =IF(AND(TRIM(I20)="High",TRIM(L20)="Low"),"Yes","No") -> Yes
A21: U020 | B21: Monthly | C21: 45315 | D21: 45346 | E21: 45337 | F21: 499 | G21: 45292 | H21: 36 | I21: =IF(H21<=1,"Low",IF(H21<=4,"Medium","High")) -> High | J21: 14 | K21: =IF(J21<=1,"Low",IF(J21=2,"Medium","High")) -> High | L21: =IF(OR(I21="High",K21="High"),"High", IF(OR(I21="Medium",K21="Medium"),"Medium", "Low")) -> High | M21: =IF(AND(TRIM(I21)="High",TRIM(L21)="Low"),"Yes","No") -> No
A22: U021 | B22: Annual | C22: 45316 | D22: 45682 | F22: 3999 | G22: 45292 | H22: 2 | I22: =IF(H22<=1,"Low",IF(H22<=4,"Medium","High")) -> Medium | J22: 6 | K22: =IF(J22<=1,"Low",IF(J22=2,"Medium","High")) -> High | L22: =IF(OR(I22="High",K22="High"),"High", IF(OR(I22="Medium",K22="Medium"),"Medium", "Low")) -> High | M22: =IF(AND(TRIM(I22)="High",TRIM(L22)="Low"),"Yes","No") -> No
A23: U022 | B23: Monthly | C23: 45317 | D23: 45348 | F23: 499 | G23: 45292 | H23: 7 | I23: =IF(H23<=1,"Low",IF(H23<=4,"Medium","High")) -> High | J23: 7 | K23: =IF(J23<=1,"Low",IF(J23=2,"Medium","High")) -> High | L23: =IF(OR(I23="High",K23="High"),"High", IF(OR(I23="Medium",K23="Medium"),"Medium", "Low")) -> High | M23: =IF(AND(TRIM(I23)="High",TRIM(L23)="Low"),"Yes","No") -> No
A24: U023 | B24: Monthly | C24: 45318 | D24: 45349 | E24: 45340 | F24: 499 | G24: 45292 | H24: 40 | I24: =IF(H24<=1,"Low",IF(H24<=4,"Medium","High")) -> High | J24: 15 | K24: =IF(J24<=1,"Low",IF(J24=2,"Medium","High")) -> High | L24: =IF(OR(I24="High",K24="High"),"High", IF(OR(I24="Medium",K24="Medium"),"Medium", "Low")) -> High | M24: =IF(AND(TRIM(I24)="High",TRIM(L24)="Low"),"Yes","No") -> No
A25: U024 | B25: Annual | C25: 45319 | D25: 45685 | F25: 3999 | G25: 45292 | H25: 29 | I25: =IF(H25<=1,"Low",IF(H25<=4,"Medium","High")) -> High | J25: 9 | K25: =IF(J25<=1,"Low",IF(J25=2,"Medium","High")) -> High | L25: =IF(OR(I25="High",K25="High"),"High", IF(OR(I25="Medium",K25="Medium"),"Medium", "Low")) -> High | M25: =IF(AND(TRIM(I25)="High",TRIM(L25)="Low"),"Yes","No") -> No
A26: U025 | B26: Monthly | C26: 45320 | D26: 45351 | F26: 499 | G26: 45292 | H26: 34 | I26: =IF(H26<=1,"Low",IF(H26<=4,"Medium","High")) -> High | J26: 12 | K26: =IF(J26<=1,"Low",IF(J26=2,"Medium","High")) -> High | L26: =IF(OR(I26="High",K26="High"),"High", IF(OR(I26="Medium",K26="Medium"),"Medium", "Low")) -> High | M26: =IF(AND(TRIM(I26)="High",TRIM(L26)="Low"),"Yes","No") -> No
A27: U026 | B27: Monthly | C27: 45321 | D27: 45352 | E27: 45342 | F27: 499 | G27: 45292 | H27: 5 | I27: =IF(H27<=1,"Low",IF(H27<=4,"Medium","High")) -> High | J27: 13 | K27: =IF(J27<=1,"Low",IF(J27=2,"Medium","High")) -> High | L27: =IF(OR(I27="High",K27="High"),"High", IF(OR(I27="Medium",K27="Medium"),"Medium", "Low")) -> High | M27: =IF(AND(TRIM(I27)="High",TRIM(L27)="Low"),"Yes","No") -> No
A28: U027 | B28: Annual | C28: 45323 | D28: 45689 | F28: 3999 | G28: 45323 | H28: 6 | I28: =IF(H28<=1,"Low",IF(H28<=4,"Medium","High")) -> High | J28: 11 | K28: =IF(J28<=1,"Low",IF(J28=2,"Medium","High")) -> High | L28: =IF(OR(I28="High",K28="High"),"High", IF(OR(I28="Medium",K28="Medium"),"Medium", "Low")) -> High | M28: =IF(AND(TRIM(I28)="High",TRIM(L28)="Low"),"Yes","No") -> No
A29: U028 | B29: Monthly | C29: 45324 | D29: 45353 | F29: 499 | G29: 45323 | H29: 41 | I29: =IF(H29<=1,"Low",IF(H29<=4,"Medium","High")) -> High | J29: 10 | K29: =IF(J29<=1,"Low",IF(J29=2,"Medium","High")) -> High | L29: =IF(OR(I29="High",K29="High"),"High", IF(OR(I29="Medium",K29="Medium"),"Medium", "Low")) -> High | M29: =IF(AND(TRIM(I29)="High",TRIM(L29)="Low"),"Yes","No") -> No
A30: U029 | B30: Monthly | C30: 45325 | D30: 45354 | E30: 45344 | F30: 499 | G30: 45323 | H30: 28 | I30: =IF(H30<=1,"Low",IF(H30<=4,"Medium","High")) -> High | J30: 14 | K30: =IF(J30<=1,"Low",IF(J30=2,"Medium","High")) -> High | L30: =IF(OR(I30="High",K30="High"),"High", IF(OR(I30="Medium",K30="Medium"),"Medium", "Low")) -> High | M30: =IF(AND(TRIM(I30)="High",TRIM(L30)="Low"),"Yes","No") -> No
A31: U030 | B31: Annual | C31: 45326 | D31: 45692 | F31: 3999 | G31: 45323 | H31: 37 | I31: =IF(H31<=1,"Low",IF(H31<=4,"Medium","High")) -> High | J31: 16 | K31: =IF(J31<=1,"Low",IF(J31=2,"Medium","High")) -> High | L31: =IF(OR(I31="High",K31="High"),"High", IF(OR(I31="Medium",K31="Medium"),"Medium", "Low")) -> High | M31: =IF(AND(TRIM(I31)="High",TRIM(L31)="Low"),"Yes","No") -> No
A32: U031 | B32: Monthly | C32: 45327 | D32: 45356 | F32: 499 | G32: 45323 | H32: 3 | I32: =IF(H32<=1,"Low",IF(H32<=4,"Medium","High")) -> Medium | J32: 8 | K32: =IF(J32<=1,"Low",IF(J32=2,"Medium","High")) -> High | L32: =IF(OR(I32="High",K32="High"),"High", IF(OR(I32="Medium",K32="Medium"),"Medium", "Low")) -> High | M32: =IF(AND(TRIM(I32)="High",TRIM(L32)="Low"),"Yes","No") -> No
A33: U032 | B33: Monthly | C33: 45328 | D33: 45357 | E33: 45347 | F33: 499 | G33: 45323 | H33: 5 | I33: =IF(H33<=1,"Low",IF(H33<=4,"Medium","High")) -> High | J33: 9 | K33: =IF(J33<=1,"Low",IF(J33=2,"Medium","High")) -> High | L33: =IF(OR(I33="High",K33="High"),"High", IF(OR(I33="Medium",K33="Medium"),"Medium", "Low")) -> High | M33: =IF(AND(TRIM(I33)="High",TRIM(L33)="Low"),"Yes","No") -> No
A34: U033 | B34: Annual | C34: 45329 | D34: 45695 | F34: 3999 | G34: 45323 | H34: 38 | I34: =IF(H34<=1,"Low",IF(H34<=4,"Medium","High")) -> High | J34: 12 | K34: =IF(J34<=1,"Low",IF(J34=2,"Medium","High")) -> High | L34: =IF(OR(I34="High",K34="High"),"High", IF(OR(I34="Medium",K34="Medium"),"Medium", "Low")) -> High | M34: =IF(AND(TRIM(I34)="High",TRIM(L34)="Low"),"Yes","No") -> No
A35: U034 | B35: Monthly | C35: 45330 | D35: 45359 | F35: 499 | G35: 45323 | H35: 31 | I35: =IF(H35<=1,"Low",IF(H35<=4,"Medium","High")) -> High | J35: 15 | K35: =IF(J35<=1,"Low",IF(J35=2,"Medium","High")) -> High | L35: =IF(OR(I35="High",K35="High"),"High", IF(OR(I35="Medium",K35="Medium"),"Medium", "Low")) -> High | M35: =IF(AND(TRIM(I35)="High",TRIM(L35)="Low"),"Yes","No") -> No
A36: U035 | B36: Monthly | C36: 45331 | D36: 45360 | E36: 45350 | F36: 499 | G36: 45323 | H36: 45 | I36: =IF(H36<=1,"Low",IF(H36<=4,"Medium","High")) -> High | J36: 17 | K36: =IF(J36<=1,"Low",IF(J36=2,"Medium","High")) -> High | L36: =IF(OR(I36="High",K36="High"),"High", IF(OR(I36="Medium",K36="Medium"),"Medium", "Low")) -> High | M36: =IF(AND(TRIM(I36)="High",TRIM(L36)="Low"),"Yes","No") -> No
A37: U036 | B37: Annual | C37: 45332 | D37: 45698 | F37: 3999 | G37: 45323 | H37: 5 | I37: =IF(H37<=1,"Low",IF(H37<=4,"Medium","High")) -> High | J37: 5 | K37: =IF(J37<=1,"Low",IF(J37=2,"Medium","High")) -> High | L37: =IF(OR(I37="High",K37="High"),"High", IF(OR(I37="Medium",K37="Medium"),"Medium", "Low")) -> High | M37: =IF(AND(TRIM(I37)="High",TRIM(L37)="Low"),"Yes","No") -> No
A38: U037 | B38: Monthly | C38: 45333 | D38: 45362 | F38: 499 | G38: 45323 | H38: 4 | I38: =IF(H38<=1,"Low",IF(H38<=4,"Medium","High")) -> Medium | J38: 4 | K38: =IF(J38<=1,"Low",IF(J38=2,"Medium","High")) -> High | L38: =IF(OR(I38="High",K38="High"),"High", IF(OR(I38="Medium",K38="Medium"),"Medium", "Low")) -> High | M38: =IF(AND(TRIM(I38)="High",TRIM(L38)="Low"),"Yes","No") -> No
A39: U038 | B39: Monthly | C39: 45334 | D39: 45363 | E39: 45353 | F39: 499 | G39: 45323 | H39: 34 | I39: =IF(H39<=1,"Low",IF(H39<=4,"Medium","High")) -> High | J39: 14 | K39: =IF(J39<=1,"Low",IF(J39=2,"Medium","High")) -> High | L39: =IF(OR(I39="High",K39="High"),"High", IF(OR(I39="Medium",K39="Medium"),"Medium", "Low")) -> High | M39: =IF(AND(TRIM(I39)="High",TRIM(L39)="Low"),"Yes","No") -> No
A40: U039 | B40: Annual | C40: 45335 | D40: 45701 | F40: 3999 | G40: 45323 | H40: 28 | I40: =IF(H40<=1,"Low",IF(H40<=4,"Medium","High")) -> High | J40: 16 | K40: =IF(J40<=1,"Low",IF(J40=2,"Medium","High")) -> High | L40: =IF(OR(I40="High",K40="High"),"High", IF(OR(I40="Medium",K40="Medium"),"Medium", "Low")) -> High | M40: =IF(AND(TRIM(I40)="High",TRIM(L40)="Low"),"Yes","No") -> No
A41: U040 | B41: Monthly | C41: 45336 | D41: 45365 | F41: 499 | G41: 45323 | H41: 43 | I41: =IF(H41<=1,"Low",IF(H41<=4,"Medium","High")) -> High | J41: 15 | K41: =IF(J41<=1,"Low",IF(J41=2,"Medium","High")) -> High | L41: =IF(OR(I41="High",K41="High"),"High", IF(OR(I41="Medium",K41="Medium"),"Medium", "Low")) -> High | M41: =IF(AND(TRIM(I41)="High",TRIM(L41)="Low"),"Yes","No") -> No
A42: U041 | B42: Monthly | C42: 45337 | D42: 45366 | E42: 45356 | F42: 499 | G42: 45323 | H42: 4 | I42: =IF(H42<=1,"Low",IF(H42<=4,"Medium","High")) -> Medium | J42: 3 | K42: =IF(J42<=1,"Low",IF(J42=2,"Medium","High")) -> High | L42: =IF(OR(I42="High",K42="High"),"High", IF(OR(I42="Medium",K42="Medium"),"Medium", "Low")) -> High | M42: =IF(AND(TRIM(I42)="High",TRIM(L42)="Low"),"Yes","No") -> No
A43: U042 | B43: Annual | C43: 45338 | D43: 45704 | F43: 3999 | G43: 45323 | H43: 5 | I43: =IF(H43<=1,"Low",IF(H43<=4,"Medium","High")) -> High | J43: 5 | K43: =IF(J43<=1,"Low",IF(J43=2,"Medium","High")) -> High | L43: low | M43: =IF(AND(TRIM(I43)="High",TRIM(L43)="Low"),"Yes","No") -> Yes
A44: U043 | B44: Monthly | C44: 45339 | D44: 45368 | F44: 499 | G44: 45323 | H44: 32 | I44: =IF(H44<=1,"Low",IF(H44<=4,"Medium","High")) -> High | J44: 16 | K44: =IF(J44<=1,"Low",IF(J44=2,"Medium","High")) -> High | L44: =IF(OR(I44="High",K44="High"),"High", IF(OR(I44="Medium",K44="Medium"),"Medium", "Low")) -> High | M44: =IF(AND(TRIM(I44)="High",TRIM(L44)="Low"),"Yes","No") -> No
A45: U044 | B45: Monthly | C45: 45340 | D45: 45369 | E45: 45359 | F45: 499 | G45: 45323 | H45: 35 | I45: =IF(H45<=1,"Low",IF(H45<=4,"Medium","High")) -> High | J45: 17 | K45: =IF(J45<=1,"Low",IF(J45=2,"Medium","High")) -> High | L45: =IF(OR(I45="High",K45="High"),"High", IF(OR(I45="Medium",K45="Medium"),"Medium", "Low")) -> High | M45: =IF(AND(TRIM(I45)="High",TRIM(L45)="Low"),"Yes","No") -> No
A46: U045 | B46: Annual | C46: 45341 | D46: 45707 | F46: 3999 | G46: 45323 | H46: 37 | I46: =IF(H46<=1,"Low",IF(H46<=4,"Medium","High")) -> High | J46: 14 | K46: =IF(J46<=1,"Low",IF(J46=2,"Medium","High")) -> High | L46: =IF(OR(I46="High",K46="High"),"High", IF(OR(I46="Medium",K46="Medium"),"Medium", "Low")) -> High | M46: =IF(AND(TRIM(I46)="High",TRIM(L46)="Low"),"Yes","No") -> No
A47: U046 | B47: Monthly | C47: 45342 | D47: 45371 | F47: 499 | G47: 45323 | H47: 3 | I47: =IF(H47<=1,"Low",IF(H47<=4,"Medium","High")) -> Medium | J47: 4 | K47: =IF(J47<=1,"Low",IF(J47=2,"Medium","High")) -> High | L47: =IF(OR(I47="High",K47="High"),"High", IF(OR(I47="Medium",K47="Medium"),"Medium", "Low")) -> High | M47: =IF(AND(TRIM(I47)="High",TRIM(L47)="Low"),"Yes","No") -> No
A48: U047 | B48: Monthly | C48: 45343 | D48: 45372 | E48: 45361 | F48: 499 | G48: 45323 | H48: 4 | I48: =IF(H48<=1,"Low",IF(H48<=4,"Medium","High")) -> Medium | J48: 5 | K48: =IF(J48<=1,"Low",IF(J48=2,"Medium","High")) -> High | L48: =IF(OR(I48="High",K48="High"),"High", IF(OR(I48="Medium",K48="Medium"),"Medium", "Low")) -> High | M48: =IF(AND(TRIM(I48)="High",TRIM(L48)="Low"),"Yes","No") -> No
A49: U048 | B49: Annual | C49: 45344 | D49: 45710 | F49: 3999 | G49: 45323 | H49: 32 | I49: =IF(H49<=1,"Low",IF(H49<=4,"Medium","High")) -> High | J49: 13 | K49: =IF(J49<=1,"Low",IF(J49=2,"Medium","High")) -> High | L49: =IF(OR(I49="High",K49="High"),"High", IF(OR(I49="Medium",K49="Medium"),"Medium", "Low")) -> High | M49: =IF(AND(TRIM(I49)="High",TRIM(L49)="Low"),"Yes","No") -> No
A50: U049 | B50: Monthly | C50: 45345 | D50: 45374 | F50: 499 | G50: 45323 | H50: 27 | I50: =IF(H50<=1,"Low",IF(H50<=4,"Medium","High")) -> High | J50: 14 | K50: =IF(J50<=1,"Low",IF(J50=2,"Medium","High")) -> High | L50: =IF(OR(I50="High",K50="High"),"High", IF(OR(I50="Medium",K50="Medium"),"Medium", "Low")) -> High | M50: =IF(AND(TRIM(I50)="High",TRIM(L50)="Low"),"Yes","No") -> No
A51: U050 | B51: Monthly | C51: 45346 | D51: 45375 | E51: 45363 | F51: 499 | G51: 45323 | H51: 40 | I51: =IF(H51<=1,"Low",IF(H51<=4,"Medium","High")) -> High | J51: 14 | K51: =IF(J51<=1,"Low",IF(J51=2,"Medium","High")) -> High | L51: =IF(OR(I51="High",K51="High"),"High", IF(OR(I51="Medium",K51="Medium"),"Medium", "Low")) -> High | M51: =IF(AND(TRIM(I51)="High",TRIM(L51)="Low"),"Yes","No") -> No
A52: U051 | B52: Annual | C52: 45347 | D52: 45713 | F52: 3999 | G52: 45323 | H52: 3 | I52: =IF(H52<=1,"Low",IF(H52<=4,"Medium","High")) -> Medium | J52: 5 | K52: =IF(J52<=1,"Low",IF(J52=2,"Medium","High")) -> High | L52: =IF(OR(I52="High",K52="High"),"High", IF(OR(I52="Medium",K52="Medium"),"Medium", "Low")) -> High | M52: =IF(AND(TRIM(I52)="High",TRIM(L52)="Low"),"Yes","No") -> No
A53: U052 | B53: Monthly | C53: 45348 | D53: 45377 | F53: 499 | G53: 45323 | H53: 2 | I53: =IF(H53<=1,"Low",IF(H53<=4,"Medium","High")) -> Medium | J53: 4 | K53: =IF(J53<=1,"Low",IF(J53=2,"Medium","High")) -> High | L53: =IF(OR(I53="High",K53="High"),"High", IF(OR(I53="Medium",K53="Medium"),"Medium", "Low")) -> High | M53: =IF(AND(TRIM(I53)="High",TRIM(L53)="Low"),"Yes","No") -> No
A54: U053 | B54: Monthly | C54: 45349 | D54: 45378 | E54: 45366 | F54: 499 | G54: 45323 | H54: 36 | I54: =IF(H54<=1,"Low",IF(H54<=4,"Medium","High")) -> High | J54: 12 | K54: =IF(J54<=1,"Low",IF(J54=2,"Medium","High")) -> High | L54: =IF(OR(I54="High",K54="High"),"High", IF(OR(I54="Medium",K54="Medium"),"Medium", "Low")) -> High | M54: =IF(AND(TRIM(I54)="High",TRIM(L54)="Low"),"Yes","No") -> No
A55: U054 | B55: Annual | C55: 45350 | D55: 45716 | F55: 3999 | G55: 45323 | H55: 27 | I55: =IF(H55<=1,"Low",IF(H55<=4,"Medium","High")) -> High | J55: 15 | K55: =IF(J55<=1,"Low",IF(J55=2,"Medium","High")) -> High | L55: =IF(OR(I55="High",K55="High"),"High", IF(OR(I55="Medium",K55="Medium"),"Medium", "Low")) -> High | M55: =IF(AND(TRIM(I55)="High",TRIM(L55)="Low"),"Yes","No") -> No
A56: U055 | B56: Monthly | C56: 45352 | D56: 45383 | F56: 499 | G56: 45352 | H56: 40 | I56: =IF(H56<=1,"Low",IF(H56<=4,"Medium","High")) -> High | J56: 16 | K56: =IF(J56<=1,"Low",IF(J56=2,"Medium","High")) -> High | L56: =IF(OR(I56="High",K56="High"),"High", IF(OR(I56="Medium",K56="Medium"),"Medium", "Low")) -> High | M56: =IF(AND(TRIM(I56)="High",TRIM(L56)="Low"),"Yes","No") -> No
A57: U056 | B57: Monthly | C57: 45353 | D57: 45384 | E57: 45371 | F57: 499 | G57: 45352 | H57: 2 | I57: =IF(H57<=1,"Low",IF(H57<=4,"Medium","High")) -> Medium | J57: 4 | K57: =IF(J57<=1,"Low",IF(J57=2,"Medium","High")) -> High | L57: =IF(OR(I57="High",K57="High"),"High", IF(OR(I57="Medium",K57="Medium"),"Medium", "Low")) -> High | M57: =IF(AND(TRIM(I57)="High",TRIM(L57)="Low"),"Yes","No") -> No
A58: U057 | B58: Annual | C58: 45354 | D58: 45719 | F58: 3999 | G58: 45352 | H58: 4 | I58: =IF(H58<=1,"Low",IF(H58<=4,"Medium","High")) -> Medium | J58: 4 | K58: =IF(J58<=1,"Low",IF(J58=2,"Medium","High")) -> High | L58: =IF(OR(I58="High",K58="High"),"High", IF(OR(I58="Medium",K58="Medium"),"Medium", "Low")) -> High | M58: =IF(AND(TRIM(I58)="High",TRIM(L58)="Low"),"Yes","No") -> No
A59: U058 | B59: Monthly | C59: 45355 | D59: 45386 | F59: 499 | G59: 45352 | H59: 27 | I59: =IF(H59<=1,"Low",IF(H59<=4,"Medium","High")) -> High | J59: 15 | K59: =IF(J59<=1,"Low",IF(J59=2,"Medium","High")) -> High | L59: =IF(OR(I59="High",K59="High"),"High", IF(OR(I59="Medium",K59="Medium"),"Medium", "Low")) -> High | M59: =IF(AND(TRIM(I59)="High",TRIM(L59)="Low"),"Yes","No") -> No
A60: U059 | B60: Monthly | C60: 45356 | D60: 45387 | E60: 45376 | F60: 499 | G60: 45352 | H60: 32 | I60: =IF(H60<=1,"Low",IF(H60<=4,"Medium","High")) -> High | J60: 12 | K60: =IF(J60<=1,"Low",IF(J60=2,"Medium","High")) -> High | L60: =IF(OR(I60="High",K60="High"),"High", IF(OR(I60="Medium",K60="Medium"),"Medium", "Low")) -> High | M60: =IF(AND(TRIM(I60)="High",TRIM(L60)="Low"),"Yes","No") -> No
A61: U060 | B61: Annual | C61: 45357 | D61: 45722 | F61: 3999 | G61: 45352 | H61: 43 | I61: =IF(H61<=1,"Low",IF(H61<=4,"Medium","High")) -> High | J61: 16 | K61: =IF(J61<=1,"Low",IF(J61=2,"Medium","High")) -> High | L61: =IF(OR(I61="High",K61="High"),"High", IF(OR(I61="Medium",K61="Medium"),"Medium", "Low")) -> High | M61: =IF(AND(TRIM(I61)="High",TRIM(L61)="Low"),"Yes","No") -> No
A62: U061 | B62: Monthly | C62: 45358 | D62: 45389 | F62: 499 | G62: 45352 | H62: 8 | I62: =IF(H62<=1,"Low",IF(H62<=4,"Medium","High")) -> High | J62: 6 | K62: =IF(J62<=1,"Low",IF(J62=2,"Medium","High")) -> High | L62: =IF(OR(I62="High",K62="High"),"High", IF(OR(I62="Medium",K62="Medium"),"Medium", "Low")) -> High | M62: =IF(AND(TRIM(I62)="High",TRIM(L62)="Low"),"Yes","No") -> No
A63: U062 | B63: Monthly | C63: 45359 | D63: 45390 | E63: 45379 | F63: 499 | G63: 45352 | H63: 4 | I63: =IF(H63<=1,"Low",IF(H63<=4,"Medium","High")) -> Medium | J63: 2 | K63: =IF(J63<=1,"Low",IF(J63=2,"Medium","High")) -> Medium | L63: =IF(OR(I63="High",K63="High"),"High", IF(OR(I63="Medium",K63="Medium"),"Medium", "Low")) -> Medium | M63: =IF(AND(TRIM(I63)="High",TRIM(L63)="Low"),"Yes","No") -> No
A64: U063 | B64: Annual | C64: 45360 | D64: 45725 | F64: 3999 | G64: 45352 | H64: 30 | I64: =IF(H64<=1,"Low",IF(H64<=4,"Medium","High")) -> High | J64: 14 | K64: =IF(J64<=1,"Low",IF(J64=2,"Medium","High")) -> High | L64: =IF(OR(I64="High",K64="High"),"High", IF(OR(I64="Medium",K64="Medium"),"Medium", "Low")) -> High | M64: =IF(AND(TRIM(I64)="High",TRIM(L64)="Low"),"Yes","No") -> No
A65: U064 | B65: Monthly | C65: 45361 | D65: 45392 | F65: 499 | G65: 45352 | H65: 32 | I65: =IF(H65<=1,"Low",IF(H65<=4,"Medium","High")) -> High | J65: 12 | K65: =IF(J65<=1,"Low",IF(J65=2,"Medium","High")) -> High | L65: =IF(OR(I65="High",K65="High"),"High", IF(OR(I65="Medium",K65="Medium"),"Medium", "Low")) -> High | M65: =IF(AND(TRIM(I65)="High",TRIM(L65)="Low"),"Yes","No") -> No
A66: U065 | B66: Monthly | C66: 45362 | D66: 45393 | E66: 45381 | F66: 499 | G66: 45352 | H66: 37 | I66: =IF(H66<=1,"Low",IF(H66<=4,"Medium","High")) -> High | J66: 15 | K66: =IF(J66<=1,"Low",IF(J66=2,"Medium","High")) -> High | L66: =IF(OR(I66="High",K66="High"),"High", IF(OR(I66="Medium",K66="Medium"),"Medium", "Low")) -> High | M66: =IF(AND(TRIM(I66)="High",TRIM(L66)="Low"),"Yes","No") -> No
A67: U066 | B67: Annual | C67: 45363 | D67: 45728 | F67: 3999 | G67: 45352 | H67: 1 | I67: =IF(H67<=1,"Low",IF(H67<=4,"Medium","High")) -> Low | J67: 10 | K67: =IF(J67<=1,"Low",IF(J67=2,"Medium","High")) -> High | L67: =IF(OR(I67="High",K67="High"),"High", IF(OR(I67="Medium",K67="Medium"),"Medium", "Low")) -> High | M67: =IF(AND(TRIM(I67)="High",TRIM(L67)="Low"),"Yes","No") -> No
A68: U067 | B68: Monthly | C68: 45364 | D68: 45395 | F68: 499 | G68: 45352 | H68: 3 | I68: =IF(H68<=1,"Low",IF(H68<=4,"Medium","High")) -> Medium | J68: 9 | K68: =IF(J68<=1,"Low",IF(J68=2,"Medium","High")) -> High | L68: =IF(OR(I68="High",K68="High"),"High", IF(OR(I68="Medium",K68="Medium"),"Medium", "Low")) -> High | M68: =IF(AND(TRIM(I68)="High",TRIM(L68)="Low"),"Yes","No") -> No
A69: U068 | B69: Monthly | C69: 45365 | D69: 45396 | E69: 45384 | F69: 499 | G69: 45352 | H69: 33 | I69: =IF(H69<=1,"Low",IF(H69<=4,"Medium","High")) -> High | J69: 11 | K69: =IF(J69<=1,"Low",IF(J69=2,"Medium","High")) -> High | L69: =IF(OR(I69="High",K69="High"),"High", IF(OR(I69="Medium",K69="Medium"),"Medium", "Low")) -> High | M69: =IF(AND(TRIM(I69)="High",TRIM(L69)="Low"),"Yes","No") -> No
A70: U069 | B70: Annual | C70: 45366 | D70: 45731 | F70: 3999 | G70: 45352 | H70: 33 | I70: =IF(H70<=1,"Low",IF(H70<=4,"Medium","High")) -> High | J70: 8 | K70: =IF(J70<=1,"Low",IF(J70=2,"Medium","High")) -> High | L70: =IF(OR(I70="High",K70="High"),"High", IF(OR(I70="Medium",K70="Medium"),"Medium", "Low")) -> High | M70: =IF(AND(TRIM(I70)="High",TRIM(L70)="Low"),"Yes","No") -> No
A71: U070 | B71: Monthly | C71: 45367 | D71: 45398 | F71: 499 | G71: 45352 | H71: 39 | I71: =IF(H71<=1,"Low",IF(H71<=4,"Medium","High")) -> High | J71: 14 | K71: =IF(J71<=1,"Low",IF(J71=2,"Medium","High")) -> High | L71: =IF(OR(I71="High",K71="High"),"High", IF(OR(I71="Medium",K71="Medium"),"Medium", "Low")) -> High | M71: =IF(AND(TRIM(I71)="High",TRIM(L71)="Low"),"Yes","No") -> No
A72: U071 | B72: Monthly | C72: 45368 | D72: 45399 | E72: 45387 | F72: 499 | G72: 45352 | H72: 3 | I72: =IF(H72<=1,"Low",IF(H72<=4,"Medium","High")) -> Medium | J72: 6 | K72: =IF(J72<=1,"Low",IF(J72=2,"Medium","High")) -> High | L72: =IF(OR(I72="High",K72="High"),"High", IF(OR(I72="Medium",K72="Medium"),"Medium", "Low")) -> High | M72: =IF(AND(TRIM(I72)="High",TRIM(L72)="Low"),"Yes","No") -> No
A73: U072 | B73: Annual | C73: 45369 | D73: 45734 | F73: 3999 | G73: 45352 | H73: 4 | I73: =IF(H73<=1,"Low",IF(H73<=4,"Medium","High")) -> Medium | J73: 7 | K73: =IF(J73<=1,"Low",IF(J73=2,"Medium","High")) -> High | L73: =IF(OR(I73="High",K73="High"),"High", IF(OR(I73="Medium",K73="Medium"),"Medium", "Low")) -> High | M73: =IF(AND(TRIM(I73)="High",TRIM(L73)="Low"),"Yes","No") -> No
A74: U073 | B74: Monthly | C74: 45370 | D74: 45401 | F74: 499 | G74: 45352 | H74: 38 | I74: =IF(H74<=1,"Low",IF(H74<=4,"Medium","High")) -> High | J74: 15 | K74: =IF(J74<=1,"Low",IF(J74=2,"Medium","High")) -> High | L74: =IF(OR(I74="High",K74="High"),"High", IF(OR(I74="Medium",K74="Medium"),"Medium", "Low")) -> High | M74: =IF(AND(TRIM(I74)="High",TRIM(L74)="Low"),"Yes","No") -> No
A75: U074 | B75: Monthly | C75: 45371 | D75: 45402 | E75: 45390 | F75: 499 | G75: 45352 | H75: 31 | I75: =IF(H75<=1,"Low",IF(H75<=4,"Medium","High")) -> High | J75: 9 | K75: =IF(J75<=1,"Low",IF(J75=2,"Medium","High")) -> High | L75: =IF(OR(I75="High",K75="High"),"High", IF(OR(I75="Medium",K75="Medium"),"Medium", "Low")) -> High | M75: =IF(AND(TRIM(I75)="High",TRIM(L75)="Low"),"Yes","No") -> No
A76: U075 | B76: Annual | C76: 45372 | D76: 45737 | F76: 3999 | G76: 45352 | H76: 33 | I76: =IF(H76<=1,"Low",IF(H76<=4,"Medium","High")) -> High | J76: 12 | K76: =IF(J76<=1,"Low",IF(J76=2,"Medium","High")) -> High | L76: =IF(OR(I76="High",K76="High"),"High", IF(OR(I76="Medium",K76="Medium"),"Medium", "Low")) -> High | M76: =IF(AND(TRIM(I76)="High",TRIM(L76)="Low"),"Yes","No") -> No
A77: U076 | B77: Monthly | C77: 45373 | D77: 45404 | F77: 499 | G77: 45352 | H77: 2 | I77: =IF(H77<=1,"Low",IF(H77<=4,"Medium","High")) -> Medium | J77: 13 | K77: =IF(J77<=1,"Low",IF(J77=2,"Medium","High")) -> High | L77: =IF(OR(I77="High",K77="High"),"High", IF(OR(I77="Medium",K77="Medium"),"Medium", "Low")) -> High | M77: =IF(AND(TRIM(I77)="High",TRIM(L77)="Low"),"Yes","No") -> No
A78: U077 | B78: Monthly | C78: 45374 | D78: 45405 | E78: 45392 | F78: 499 | G78: 45352 | H78: 3 | I78: =IF(H78<=1,"Low",IF(H78<=4,"Medium","High")) -> Medium | J78: 11 | K78: =IF(J78<=1,"Low",IF(J78=2,"Medium","High")) -> High | L78: =IF(OR(I78="High",K78="High"),"High", IF(OR(I78="Medium",K78="Medium"),"Medium", "Low")) -> High | M78: =IF(AND(TRIM(I78)="High",TRIM(L78)="Low"),"Yes","No") -> No
A79: U078 | B79: Annual | C79: 45375 | D79: 45740 | F79: 3999 | G79: 45352 | H79: 37 | I79: =IF(H79<=1,"Low",IF(H79<=4,"Medium","High")) -> High | J79: 10 | K79: =IF(J79<=1,"Low",IF(J79=2,"Medium","High")) -> High | L79: =IF(OR(I79="High",K79="High"),"High", IF(OR(I79="Medium",K79="Medium"),"Medium", "Low")) -> High | M79: =IF(AND(TRIM(I79)="High",TRIM(L79)="Low"),"Yes","No") -> No
A80: U079 | B80: Monthly | C80: 45376 | D80: 45407 | F80: 499 | G80: 45352 | H80: 29 | I80: =IF(H80<=1,"Low",IF(H80<=4,"Medium","High")) -> High | J80: 14 | K80: =IF(J80<=1,"Low",IF(J80=2,"Medium","High")) -> High | L80: =IF(OR(I80="High",K80="High"),"High", IF(OR(I80="Medium",K80="Medium"),"Medium", "Low")) -> High | M80: =IF(AND(TRIM(I80)="High",TRIM(L80)="Low"),"Yes","No") -> No
A81: U080 | B81: Monthly | C81: 45377 | D81: 45408 | E81: 45394 | F81: 499 | G81: 45352 | H81: 43 | I81: =IF(H81<=1,"Low",IF(H81<=4,"Medium","High")) -> High | J81: 16 | K81: =IF(J81<=1,"Low",IF(J81=2,"Medium","High")) -> High | L81: =IF(OR(I81="High",K81="High"),"High", IF(OR(I81="Medium",K81="Medium"),"Medium", "Low")) -> High | M81: =IF(AND(TRIM(I81)="High",TRIM(L81)="Low"),"Yes","No") -> No
A82: U081 | B82: Annual | C82: 45378 | D82: 45743 | F82: 3999 | G82: 45352 | H82: 5 | I82: =IF(H82<=1,"Low",IF(H82<=4,"Medium","High")) -> High | J82: 8 | K82: =IF(J82<=1,"Low",IF(J82=2,"Medium","High")) -> High | L82: =IF(OR(I82="High",K82="High"),"High", IF(OR(I82="Medium",K82="Medium"),"Medium", "Low")) -> High | M82: =IF(AND(TRIM(I82)="High",TRIM(L82)="Low"),"Yes","No") -> No
A83: U082 | B83: Monthly | C83: 45379 | D83: 45410 | F83: 499 | G83: 45352 | H83: 4 | I83: =IF(H83<=1,"Low",IF(H83<=4,"Medium","High")) -> Medium | J83: 9 | K83: =IF(J83<=1,"Low",IF(J83=2,"Medium","High")) -> High | L83: =IF(OR(I83="High",K83="High"),"High", IF(OR(I83="Medium",K83="Medium"),"Medium", "Low")) -> High | M83: =IF(AND(TRIM(I83)="High",TRIM(L83)="Low"),"Yes","No") -> No
A84: U083 | B84: Monthly | C84: 45380 | D84: 45411 | E84: 45397 | F84: 499 | G84: 45352 | H84: 39 | I84: =IF(H84<=1,"Low",IF(H84<=4,"Medium","High")) -> High | J84: 12 | K84: =IF(J84<=1,"Low",IF(J84=2,"Medium","High")) -> High | L84: =IF(OR(I84="High",K84="High"),"High", IF(OR(I84="Medium",K84="Medium"),"Medium", "Low")) -> High | M84: =IF(AND(TRIM(I84)="High",TRIM(L84)="Low"),"Yes","No") -> No
A85: U084 | B85: Annual | C85: 45381 | D85: 45746 | F85: 3999 | G85: 45352 | H85: 33 | I85: =IF(H85<=1,"Low",IF(H85<=4,"Medium","High")) -> High | J85: 15 | K85: =IF(J85<=1,"Low",IF(J85=2,"Medium","High")) -> High | L85: =IF(OR(I85="High",K85="High"),"High", IF(OR(I85="Medium",K85="Medium"),"Medium", "Low")) -> High | M85: =IF(AND(TRIM(I85)="High",TRIM(L85)="Low"),"Yes","No") -> No
A86: U085 | B86: Monthly | C86: 45382 | D86: 45412 | F86: 499 | G86: 45352 | H86: 39 | I86: =IF(H86<=1,"Low",IF(H86<=4,"Medium","High")) -> High | J86: 16 | K86: =IF(J86<=1,"Low",IF(J86=2,"Medium","High")) -> High | L86: =IF(OR(I86="High",K86="High"),"High", IF(OR(I86="Medium",K86="Medium"),"Medium", "Low")) -> High | M86: =IF(AND(TRIM(I86)="High",TRIM(L86)="Low"),"Yes","No") -> No
A87: U086 | B87: Monthly | C87: 45383 | D87: 45413 | E87: 45400 | F87: 499 | G87: 45383 | H87: 5 | I87: =IF(H87<=1,"Low",IF(H87<=4,"Medium","High")) -> High | J87: 3 | K87: =IF(J87<=1,"Low",IF(J87=2,"Medium","High")) -> High | L87: =IF(OR(I87="High",K87="High"),"High", IF(OR(I87="Medium",K87="Medium"),"Medium", "Low")) -> High | M87: =IF(AND(TRIM(I87)="High",TRIM(L87)="Low"),"Yes","No") -> No
A88: U087 | B88: Annual | C88: 45384 | D88: 45749 | F88: 3999 | G88: 45383 | H88: 6 | I88: =IF(H88<=1,"Low",IF(H88<=4,"Medium","High")) -> High | J88: 4 | K88: =IF(J88<=1,"Low",IF(J88=2,"Medium","High")) -> High | L88: =IF(OR(I88="High",K88="High"),"High", IF(OR(I88="Medium",K88="Medium"),"Medium", "Low")) -> High | M88: =IF(AND(TRIM(I88)="High",TRIM(L88)="Low"),"Yes","No") -> No
A89: U088 | B89: Monthly | C89: 45385 | D89: 45415 | F89: 499 | G89: 45383 | H89: 31 | I89: =IF(H89<=1,"Low",IF(H89<=4,"Medium","High")) -> High | J89: 13 | K89: =IF(J89<=1,"Low",IF(J89=2,"Medium","High")) -> High | L89: =IF(OR(I89="High",K89="High"),"High", IF(OR(I89="Medium",K89="Medium"),"Medium", "Low")) -> High | M89: =IF(AND(TRIM(I89)="High",TRIM(L89)="Low"),"Yes","No") -> No
A90: U089 | B90: Monthly | C90: 45386 | D90: 45416 | E90: 45404 | F90: 499 | G90: 45383 | H90: 34 | I90: =IF(H90<=1,"Low",IF(H90<=4,"Medium","High")) -> High | J90: 16 | K90: =IF(J90<=1,"Low",IF(J90=2,"Medium","High")) -> High | L90: =IF(OR(I90="High",K90="High"),"High", IF(OR(I90="Medium",K90="Medium"),"Medium", "Low")) -> High | M90: =IF(AND(TRIM(I90)="High",TRIM(L90)="Low"),"Yes","No") -> No
A91: U090 | B91: Annual | C91: 45387 | D91: 45752 | F91: 3999 | G91: 45383 | H91: 40 | I91: =IF(H91<=1,"Low",IF(H91<=4,"Medium","High")) -> High | J91: 16 | K91: =IF(J91<=1,"Low",IF(J91=2,"Medium","High")) -> High | L91: =IF(OR(I91="High",K91="High"),"High", IF(OR(I91="Medium",K91="Medium"),"Medium", "Low")) -> High | M91: =IF(AND(TRIM(I91)="High",TRIM(L91)="Low"),"Yes","No") -> No
A92: U091 | B92: Monthly | C92: 45388 | D92: 45418 | F92: 499 | G92: 45383 | H92: 7 | I92: =IF(H92<=1,"Low",IF(H92<=4,"Medium","High")) -> High | J92: 4 | K92: =IF(J92<=1,"Low",IF(J92=2,"Medium","High")) -> High | L92: =IF(OR(I92="High",K92="High"),"High", IF(OR(I92="Medium",K92="Medium"),"Medium", "Low")) -> High | M92: =IF(AND(TRIM(I92)="High",TRIM(L92)="Low"),"Yes","No") -> No
A93: U092 | B93: Monthly | C93: 45389 | D93: 45419 | E93: 45407 | F93: 499 | G93: 45383 | H93: 1 | I93: =IF(H93<=1,"Low",IF(H93<=4,"Medium","High")) -> Low | J93: 3 | K93: =IF(J93<=1,"Low",IF(J93=2,"Medium","High")) -> High | L93: =IF(OR(I93="High",K93="High"),"High", IF(OR(I93="Medium",K93="Medium"),"Medium", "Low")) -> High | M93: =IF(AND(TRIM(I93)="High",TRIM(L93)="Low"),"Yes","No") -> No
A94: U093 | B94: Annual | C94: 45390 | D94: 45755 | F94: 3999 | G94: 45383 | H94: 36 | I94: =IF(H94<=1,"Low",IF(H94<=4,"Medium","High")) -> High | J94: 13 | K94: =IF(J94<=1,"Low",IF(J94=2,"Medium","High")) -> High | L94: =IF(OR(I94="High",K94="High"),"High", IF(OR(I94="Medium",K94="Medium"),"Medium", "Low")) -> High | M94: =IF(AND(TRIM(I94)="High",TRIM(L94)="Low"),"Yes","No") -> No
A95: U094 | B95: Monthly | C95: 45391 | D95: 45421 | F95: 499 | G95: 45383 | H95: 29 | I95: =IF(H95<=1,"Low",IF(H95<=4,"Medium","High")) -> High | J95: 14 | K95: =IF(J95<=1,"Low",IF(J95=2,"Medium","High")) -> High | L95: =IF(OR(I95="High",K95="High"),"High", IF(OR(I95="Medium",K95="Medium"),"Medium", "Low")) -> High | M95: =IF(AND(TRIM(I95)="High",TRIM(L95)="Low"),"Yes","No") -> No
A96: U095 | B96: Monthly | C96: 45392 | D96: 45422 | E96: 45410 | F96: 499 | G96: 45383 | H96: 36 | I96: =IF(H96<=1,"Low",IF(H96<=4,"Medium","High")) -> High | J96: 17 | K96: =IF(J96<=1,"Low",IF(J96=2,"Medium","High")) -> High | L96: =IF(OR(I96="High",K96="High"),"High", IF(OR(I96="Medium",K96="Medium"),"Medium", "Low")) -> High | M96: =IF(AND(TRIM(I96)="High",TRIM(L96)="Low"),"Yes","No") -> No
A97: U096 | B97: Annual | C97: 45393 | D97: 45758 | F97: 3999 | G97: 45383 | H97: 3 | I97: =IF(H97<=1,"Low",IF(H97<=4,"Medium","High")) -> Medium | J97: 3 | K97: =IF(J97<=1,"Low",IF(J97=2,"Medium","High")) -> High | L97: =IF(OR(I97="High",K97="High"),"High", IF(OR(I97="Medium",K97="Medium"),"Medium", "Low")) -> High | M97: =IF(AND(TRIM(I97)="High",TRIM(L97)="Low"),"Yes","No") -> No
A98: U097 | B98: Monthly | C98: 45394 | D98: 45424 | F98: 499 | G98: 45383 | H98: 6 | I98: =IF(H98<=1,"Low",IF(H98<=4,"Medium","High")) -> High | J98: 4 | K98: =IF(J98<=1,"Low",IF(J98=2,"Medium","High")) -> High | L98: =IF(OR(I98="High",K98="High"),"High", IF(OR(I98="Medium",K98="Medium"),"Medium", "Low")) -> High | M98: =IF(AND(TRIM(I98)="High",TRIM(L98)="Low"),"Yes","No") -> No
A99: U098 | B99: Monthly | C99: 45395 | D99: 45425 | E99: 45412 | F99: 499 | G99: 45383 | H99: 35 | I99: =IF(H99<=1,"Low",IF(H99<=4,"Medium","High")) -> High | J99: 15 | K99: =IF(J99<=1,"Low",IF(J99=2,"Medium","High")) -> High | L99: =IF(OR(I99="High",K99="High"),"High", IF(OR(I99="Medium",K99="Medium"),"Medium", "Low")) -> High | M99: =IF(AND(TRIM(I99)="High",TRIM(L99)="Low"),"Yes","No") -> No
A100: U099 | B100: Annual | C100: 45396 | D100: 45761 | F100: 3999 | G100: 45383 | H100: 32 | I100: =IF(H100<=1,"Low",IF(H100<=4,"Medium","High")) -> High | J100: 16 | K100: =IF(J100<=1,"Low",IF(J100=2,"Medium","High")) -> High | L100: =IF(OR(I100="High",K100="High"),"High", IF(OR(I100="Medium",K100="Medium"),"Medium", "Low")) -> High | M100: =IF(AND(TRIM(I100)="High",TRIM(L100)="Low"),"Yes","No") -> No
...
